{
  "SCOPnet":4.4511800104,
  "SCOPon":4.4511800104,
  "SCOP":4.2792245142,
  "SCOP_from_SCOPnet":4.2792245142,
  "\u03b7s":168.1689805681,
  "QH":40501.0228571429,
  "QHE_hp_only":9098.9406769327,
  "QHE_active":9098.9406769327,
  "QSUP":0.0,
  "Q_offmode":365.63,
  "Q_total":9464.5706769327,
  "F1":0.03,
  "F2":0.0,
  "HOFF":4345.0,
  "HTO":755.0,
  "HSB":0.0,
  "HCK":4476.0,
  "POFF":0.0,
  "PTO":0.01,
  "PSB":0.01,
  "PCK":0.08
}