{
  "SCOPnet":4.033347557,
  "SCOPon":4.033347557,
  "SCOP":3.6456328531,
  "SCOP_from_SCOPnet":3.6456328531,
  "\u03b7s":142.8253141259,
  "QH":14025.75,
  "QHE_hp_only":3477.4464143415,
  "QHE_active":3477.4464143415,
  "QSUP":0.0,
  "Q_offmode":369.828,
  "Q_total":3847.2744143415,
  "F1":0.03,
  "F2":0.0,
  "HOFF":4345.0,
  "HTO":755.0,
  "HSB":0.0,
  "HCK":4476.0,
  "POFF":0.026,
  "PTO":0.026,
  "PSB":0.026,
  "PCK":0.053
}