{
  "SCOPnet":6.242526407,
  "SCOPon":6.242526407,
  "SCOP":5.4912301644,
  "SCOP_from_SCOPnet":5.4912301644,
  "\u03b7s":216.6492065779,
  "QH":14105.8971428571,
  "QHE_hp_only":2259.6455702736,
  "QHE_active":2259.6455702736,
  "QSUP":0.0,
  "Q_offmode":309.159,
  "Q_total":2568.8045702736,
  "F1":0.03,
  "F2":0.0,
  "HOFF":4345.0,
  "HTO":755.0,
  "HSB":0.0,
  "HCK":4476.0,
  "POFF":0.033,
  "PTO":0.018,
  "PSB":0.033,
  "PCK":0.034
}