{
  "SCOPnet":4.0321422555,
  "SCOPon":4.0321422555,
  "SCOP":3.6242422852,
  "SCOP_from_SCOPnet":3.6242422852,
  "\u03b7s":141.9696914063,
  "QH":7894.4935714286,
  "QHE_hp_only":1957.8906375818,
  "QHE_active":1957.8906375818,
  "QSUP":0.0,
  "Q_offmode":220.356,
  "Q_total":2178.2466375818,
  "F1":0.03,
  "F2":0.0,
  "HOFF":4345.0,
  "HTO":755.0,
  "HSB":0.0,
  "HCK":4476.0,
  "POFF":0.016,
  "PTO":0.016,
  "PSB":0.016,
  "PCK":0.031
}