{
  "SCOPnet":3.7857986326,
  "SCOPon":3.7857986326,
  "SCOP":3.2592499759,
  "SCOP_from_SCOPnet":3.2592499759,
  "\u03b7s":127.3699990354,
  "QH":5236.28,
  "QHE_hp_only":1383.1374851551,
  "QHE_active":1383.1374851551,
  "QSUP":0.0,
  "Q_offmode":223.453,
  "Q_total":1606.5904851551,
  "F1":0.03,
  "F2":0.0,
  "HOFF":4345.0,
  "HTO":755.0,
  "HSB":0.0,
  "HCK":4476.0,
  "POFF":0.015,
  "PTO":0.014,
  "PSB":0.015,
  "PCK":0.033
}